{"pass@1": 0.2353239436619719, "pass@10": 0.317432440091604, "pass@50": 0.352112676056338}