{"pass@1": 0.1904225352112676, "pass@5": 0.24557344064386313, "pass@10": 0.2704225352112676}