{"pass@1": 0.23140350877192983, "pass@10": 0.3173978377359987, "pass@50": 0.3508771929824561}